,date,n_all_tweets,n_keyword_tweets,proportion_keyword_tweets
0,2020-12-31,37103,1958,0.05277201304476727
1,2020-12-30,41213,3294,0.07992623686700798
2,2020-12-29,46853,4276,0.09126416664888054
3,2020-12-28,36487,2756,0.07553375174719763
4,2020-12-27,35855,3898,0.10871566029842421
5,2020-12-26,30475,2047,0.06716981132075471
6,2020-12-25,24225,1082,0.04466460268317853
7,2020-12-24,26123,1086,0.041572560578800294
8,2020-12-23,38179,2988,0.07826291940595616
9,2020-12-22,40640,3232,0.07952755905511812
10,2020-12-21,41340,3328,0.08050314465408805
11,2020-12-20,40723,2341,0.057485941605480935
12,2020-12-19,37069,2469,0.0666055194367261
13,2020-12-18,41889,3403,0.08123851130368355
14,2020-12-17,45242,3649,0.08065514345077583
15,2020-12-16,49204,3894,0.07913990732460775
16,2020-12-15,43233,2532,0.058566372909582956
17,2020-12-14,44433,2071,0.046609501946751286
18,2020-12-13,39911,2048,0.051314174037232846
19,2020-12-12,34910,2059,0.05898023488971641
20,2020-12-11,41820,2362,0.056480153036824486
21,2020-12-10,41695,3348,0.08029739776951673
22,2020-12-09,41410,2844,0.06867906302825405
23,2020-12-08,43596,3017,0.06920359666024406
24,2020-12-07,50817,4387,0.08632937796406714
25,2020-12-06,40015,2491,0.06225165562913907
26,2020-12-05,35670,1987,0.05570507429212223
27,2020-12-04,40465,2068,0.05110589398245397
28,2020-12-03,36639,2038,0.055623788858866235
29,2020-12-02,35932,2450,0.06818434821329178
30,2020-12-01,38533,2285,0.05929982093270703
31,2020-11-30,34836,1863,0.053479159490182566
32,2020-11-29,33560,1120,0.033373063170441
33,2020-11-28,32038,1346,0.04201261002559461
34,2020-11-27,40877,2022,0.049465469579470116
35,2020-11-26,39631,2463,0.06214831823572456
36,2020-11-25,39456,2134,0.05408556366585564
37,2020-11-24,36678,1727,0.04708544631659305
38,2020-11-23,39113,1804,0.04612277247973819
39,2020-11-22,42428,1864,0.04393325162628453
40,2020-11-21,40404,1997,0.04942579942579942
41,2020-11-20,39340,2289,0.05818505338078292
42,2020-11-19,43891,2560,0.058326308354788
43,2020-11-18,46471,2936,0.06317918701986185
44,2020-11-17,39754,2455,0.06175479197061931
45,2020-11-16,38426,2197,0.057174829542497266
46,2020-11-15,34523,1956,0.05665788025374388
47,2020-11-14,33383,1635,0.048977024233891504
48,2020-11-13,36151,2205,0.06099416337030788
49,2020-11-12,38455,2252,0.058561955532440514
50,2020-11-11,36916,2429,0.06579802795535811
51,2020-11-10,40306,2779,0.06894755123306703
52,2020-11-09,38680,2455,0.06346949327817994
53,2020-11-08,37473,1592,0.042483921756998375
54,2020-11-07,35297,1736,0.04918265008357651
55,2020-11-06,38225,2224,0.05818181818181818
56,2020-11-05,39761,3313,0.08332285405296648
57,2020-11-04,47024,2800,0.059544062606328683
58,2020-11-03,38319,1909,0.0498186278347556
59,2020-11-02,33913,1403,0.04137056585969982
60,2020-11-01,32793,1121,0.03418412466075077
61,2020-10-31,28936,1566,0.054119435996682334
62,2020-10-30,34405,1693,0.04920796395872693
63,2020-10-29,37904,2170,0.057249894470240606
64,2020-10-28,35143,2261,0.06433713684090715
65,2020-10-27,34445,2066,0.05997967774713311
66,2020-10-26,33776,2283,0.06759237328280436
67,2020-10-25,34758,2627,0.07557972265377755
68,2020-10-24,37168,4027,0.10834588893671976
69,2020-10-23,43724,5257,0.12023145183423292
70,2020-10-22,33292,2046,0.061456205695061876
71,2020-10-21,36468,1731,0.047466271799934186
72,2020-10-20,36226,1147,0.03166234196433501
73,2020-10-19,39179,816,0.020827484111386203
74,2020-10-18,38380,1024,0.026680562793121417
75,2020-10-17,33335,887,0.026608669566521675
76,2020-10-16,30944,881,0.028470785935884178
77,2020-10-15,30019,1236,0.04117392318198474
78,2020-10-14,33050,953,0.028835098335854764
79,2020-10-13,30017,1055,0.03514675017490089
80,2020-10-12,29187,860,0.02946517285092678
81,2020-10-11,30014,682,0.022722729392949958
82,2020-10-10,36499,794,0.021754020658100223
83,2020-10-09,34921,938,0.026860628275249848
84,2020-10-08,38477,979,0.025443771603815266
85,2020-10-07,39802,1156,0.029043766644892218
86,2020-10-06,36493,1246,0.03414353437645576
87,2020-10-05,37365,1008,0.0269771176234444
88,2020-10-04,37565,847,0.02254758418740849
89,2020-10-03,28975,1134,0.03913718723037101
90,2020-10-02,34814,1615,0.04638938358131786
91,2020-10-01,38815,1245,0.03207522864871828
92,2020-09-30,36670,1187,0.03236978456503954
93,2020-09-29,35946,1281,0.03563678851610749
94,2020-09-28,37052,1204,0.03249487207168304
95,2020-09-27,35444,930,0.026238573524432908
96,2020-09-26,31898,1006,0.03153802746253684
97,2020-09-25,37240,1992,0.053490870032223414
98,2020-09-24,35449,1356,0.03825213687269034
99,2020-09-23,33424,1368,0.04092867400670177
100,2020-09-22,33567,1190,0.03545148508952245
101,2020-09-21,36109,1314,0.03638981971253704
102,2020-09-20,35836,1379,0.038480857238531084
103,2020-09-19,31359,1404,0.04477183583660193
104,2020-09-18,37576,2425,0.06453587396210347
105,2020-09-17,38481,1338,0.034770406174475715
106,2020-09-16,36344,1603,0.044106317411402154
107,2020-09-15,37824,2827,0.07474090524534686
108,2020-09-14,34029,1097,0.0322372094390079
109,2020-09-13,35092,854,0.024336031004217485
110,2020-09-12,31046,975,0.031405011917799396
111,2020-09-11,36658,826,0.022532598614217907
112,2020-09-10,35627,1192,0.033457770791815195
113,2020-09-09,32752,1217,0.03715803615046409
114,2020-09-08,32566,1144,0.03512866179450961
115,2020-09-07,32726,1179,0.036026401026706595
116,2020-09-06,27134,704,0.025945308469079383
117,2020-09-05,30195,665,0.022023513826792514
118,2020-09-04,32133,926,0.02881772632496188
119,2020-09-03,34433,947,0.027502686376441203
120,2020-09-02,32764,863,0.02633988523989745
121,2020-09-01,32089,828,0.02580323475334227
122,2020-08-31,30889,765,0.02476609796367639
123,2020-08-30,27264,524,0.019219483568075117
124,2020-08-29,28198,702,0.024895382651251862
125,2020-08-28,31471,920,0.029233262368529758
126,2020-08-27,32989,1010,0.030616266028069963
127,2020-08-26,35554,1188,0.03341396186083141
128,2020-08-25,34002,1130,0.033233339215340274
129,2020-08-24,31070,1143,0.03678789829417445
130,2020-08-23,29779,1135,0.0381141072567917
131,2020-08-22,29920,1062,0.03549465240641711
132,2020-08-21,36290,1487,0.040975475337558555
133,2020-08-20,37766,1037,0.02745856061007255
134,2020-08-19,40160,1017,0.025323705179282868
135,2020-08-18,38866,982,0.025266299593475018
136,2020-08-17,32637,1546,0.04736954989735576
137,2020-08-16,30623,1609,0.05254220683799758
138,2020-08-15,31766,3106,0.09777749795378707
139,2020-08-14,35272,1850,0.05244953504195963
140,2020-08-13,32793,1609,0.04906534931235325
141,2020-08-12,34397,2023,0.05881326859900573
142,2020-08-11,33305,1842,0.055307010959315415
143,2020-08-10,36830,1979,0.05373336953570459
144,2020-08-09,27154,1312,0.0483170067025116
145,2020-08-08,28563,1494,0.05230543010188005
146,2020-08-07,35008,2158,0.061643053016453384
147,2020-08-06,38936,1646,0.04227450174645572
148,2020-08-05,36523,1936,0.05300769378200038
149,2020-08-04,33021,1430,0.043305775112807005
150,2020-08-03,28457,1075,0.037776294057701096
151,2020-08-02,28061,918,0.03271444353373009
152,2020-08-01,26036,1130,0.043401444154247966
153,2020-07-31,33300,1790,0.053753753753753755
154,2020-07-30,33521,1131,0.033740043554786554
155,2020-07-29,34385,775,0.022538897775192673
156,2020-07-28,31801,861,0.027074620294959276
157,2020-07-27,31132,817,0.026243093922651933
158,2020-07-26,32827,639,0.019465683735949067
159,2020-07-25,25046,866,0.034576379461790305
160,2020-07-24,29659,1146,0.03863919889409623
161,2020-07-23,30202,842,0.027878948414012318
162,2020-07-22,32750,682,0.020824427480916032
163,2020-07-21,30361,653,0.021507855472481144
164,2020-07-20,31360,782,0.02493622448979592
165,2020-07-19,31547,555,0.01759279804735791
166,2020-07-18,25017,441,0.01762801295119319
167,2020-07-17,30261,447,0.014771488053930802
168,2020-07-16,32548,624,0.019171684896153375
169,2020-07-15,32718,518,0.015832263585793753
170,2020-07-14,30346,609,0.020068542806300667
171,2020-07-13,30412,668,0.021965013810338024
172,2020-07-12,30990,504,0.016263310745401743
173,2020-07-11,26947,421,0.015623260474264296
174,2020-07-10,31600,649,0.020537974683544305
175,2020-07-09,35162,702,0.019964734656731698
176,2020-07-08,29616,693,0.023399513776337116
177,2020-07-07,29609,761,0.02570164477017123
178,2020-07-06,28400,602,0.02119718309859155
179,2020-07-05,31849,535,0.016798015636283713
180,2020-07-04,26300,560,0.02129277566539924
181,2020-07-03,27047,702,0.02595481938847192
182,2020-07-02,31655,874,0.027610172168693728
183,2020-07-01,36450,900,0.024691358024691357
184,2020-06-30,32232,845,0.026216182675601888
185,2020-06-29,30614,771,0.0251845560854511
186,2020-06-28,31330,451,0.014395148420044685
187,2020-06-27,25508,466,0.018268778422455702
188,2020-06-26,32151,696,0.02164784921153308
189,2020-06-25,34494,729,0.021134110280048704
190,2020-06-24,30382,698,0.02297412941873478
191,2020-06-23,32253,591,0.01832387684866524
192,2020-06-22,34130,1050,0.030764723117491944
193,2020-06-21,34146,1022,0.02993029930299303
194,2020-06-20,28445,843,0.029636139919142206
195,2020-06-19,34226,1076,0.031438088003272364
196,2020-06-18,38637,1652,0.04275694282682403
197,2020-06-17,36269,1321,0.03642228900714108
198,2020-06-16,35044,1460,0.041661910740783015
199,2020-06-15,35389,908,0.02565769024273079
200,2020-06-14,31567,945,0.029936325909969273
201,2020-06-13,28289,836,0.029552122733217858
202,2020-06-12,34136,1188,0.03480196859620342
203,2020-06-11,34678,1061,0.030595766768556434
204,2020-06-10,37409,1198,0.032024379160095165
205,2020-06-09,35747,1495,0.04182169133074104
206,2020-06-08,34361,1874,0.05453857571083496
207,2020-06-07,36136,1567,0.04336395837945539
208,2020-06-06,30858,841,0.027253872577613584
209,2020-06-05,33177,1030,0.031045603882207555
210,2020-06-04,33165,1148,0.034614804764058496
211,2020-06-03,31443,972,0.03091308081289953
212,2020-06-02,32594,1054,0.03233723998281893
213,2020-06-01,30430,895,0.029411764705882353
214,2020-05-31,26346,898,0.034084870568587264
215,2020-05-30,27019,1199,0.04437617972537844
216,2020-05-29,34920,1980,0.05670103092783505
217,2020-05-28,32943,1509,0.04580639286039523
218,2020-05-27,31744,1441,0.045394405241935484
219,2020-05-26,32862,1439,0.04378917899093177
220,2020-05-25,32578,1565,0.0480385536251458
221,2020-05-24,28749,996,0.034644683293331945
222,2020-05-23,26550,1150,0.04331450094161959
223,2020-05-22,28781,1751,0.060838747784997045
224,2020-05-21,27073,1538,0.05680936726628006
225,2020-05-20,31996,2065,0.06453931741467683
226,2020-05-19,31956,1779,0.05567029665790462
227,2020-05-18,31204,1563,0.05008973208563005
228,2020-05-17,27263,1097,0.04023768477423614
229,2020-05-16,30146,1141,0.037849134213494326
230,2020-05-15,36019,1835,0.050945334406840834
231,2020-05-14,37850,2292,0.06055482166446499
232,2020-05-13,31345,1924,0.06138140054235125
233,2020-05-12,33137,2205,0.06654193197935843
234,2020-05-11,29256,1814,0.06200437517090512
235,2020-05-10,27006,1597,0.0591350070354736
236,2020-05-09,24825,1548,0.06235649546827795
237,2020-05-08,31659,2415,0.07628162607789254
238,2020-05-07,36569,2989,0.08173589652437857
239,2020-05-06,33209,2316,0.06974013068746424
240,2020-05-05,30249,1543,0.05100995074217329
241,2020-05-04,33260,1723,0.05180396873120866
242,2020-05-03,27529,1392,0.0505648588760943
243,2020-05-02,28234,1402,0.0496564425869519
244,2020-05-01,32644,2155,0.06601519421639505
245,2020-04-30,33666,2014,0.059822966791421614
246,2020-04-29,30463,1976,0.0648655746315202
247,2020-04-28,31206,2199,0.07046721784272256
248,2020-04-27,31639,1947,0.06153797528366889
249,2020-04-26,29858,1579,0.052883649273226606
250,2020-04-25,29822,1658,0.05559653946750721
251,2020-04-24,32608,2325,0.07130152109911678
252,2020-04-23,32888,2403,0.07306616395037703
253,2020-04-22,33644,2397,0.07124598739745572
254,2020-04-21,33786,2756,0.08157224886047475
255,2020-04-20,32955,2541,0.07710514337733272
256,2020-04-19,28214,1936,0.06861841638902673
257,2020-04-18,28067,2305,0.08212491538105249
258,2020-04-17,34434,3522,0.10228262763547656
259,2020-04-16,35581,2448,0.06880076445293837
260,2020-04-15,34513,2855,0.0827224524092371
261,2020-04-14,36233,3463,0.09557585626362708
262,2020-04-13,30502,2319,0.07602780145564225
263,2020-04-12,27582,1692,0.06134435501413966
264,2020-04-11,31532,2092,0.06634530001268553
265,2020-04-10,30053,2322,0.07726350114797191
266,2020-04-09,31421,2154,0.06855287864803794
267,2020-04-08,37413,4004,0.10702162349985299
268,2020-04-07,40482,4541,0.11217331159527691
269,2020-04-06,46017,4752,0.10326618423626051
270,2020-04-05,30002,2494,0.08312779148056797
271,2020-04-04,30403,2565,0.0843666743413479
272,2020-04-03,35611,3230,0.09070231108365392
273,2020-04-02,38083,3129,0.08216264474962581
274,2020-04-01,35963,3161,0.08789589300114006
275,2020-03-31,35606,3039,0.08535078357580184
276,2020-03-30,35320,3331,0.09430917327293319
277,2020-03-29,30980,2569,0.0829244673983215
278,2020-03-28,31278,2778,0.08881642048724343
279,2020-03-27,35467,3702,0.10437871824512927
280,2020-03-26,37297,3711,0.09949861919189211
281,2020-03-25,35470,3583,0.10101494220468
282,2020-03-24,35586,3552,0.0998145338054291
283,2020-03-23,37212,3644,0.09792540040847039
284,2020-03-22,33255,3391,0.1019696286272741
285,2020-03-21,34290,2937,0.08565179352580927
286,2020-03-20,38819,3984,0.10263015533630439
287,2020-03-19,39444,3882,0.09841801034377852
288,2020-03-18,40362,4083,0.10115950646647837
289,2020-03-17,50566,5253,0.10388403274927817
290,2020-03-16,43136,4796,0.11118323442136499
291,2020-03-15,44107,5708,0.12941256489899564
292,2020-03-14,42893,5291,0.12335346093768214
293,2020-03-13,48297,5554,0.11499679069093319
294,2020-03-12,46494,4928,0.10599217103282144
295,2020-03-11,45770,4904,0.10714441774087831
296,2020-03-10,33438,3117,0.09321729768526826
297,2020-03-09,31045,1608,0.05179578031889193
298,2020-03-08,30086,1207,0.04011832746127767
299,2020-03-07,30493,1632,0.05352048011018922
300,2020-03-06,33743,2254,0.06679903980084759
301,2020-03-05,29843,1094,0.03665851288409342
302,2020-03-04,29333,740,0.025227559404084138
303,2020-03-03,28621,699,0.024422626742601587
304,2020-03-02,26878,671,0.024964655108266984
305,2020-03-01,28832,481,0.016682852386237512
306,2020-02-29,25955,857,0.03301868618763244
307,2020-02-28,27842,1003,0.036024710868472094
308,2020-02-27,30261,1360,0.0449423350186709
309,2020-02-26,28266,548,0.01938724969928536
310,2020-02-25,28123,468,0.01664118337303986
311,2020-02-24,29019,414,0.01426651504186912
312,2020-02-23,29247,224,0.007658905186856772
313,2020-02-22,25207,161,0.006387114690363788
314,2020-02-21,27201,206,0.007573250983419727
315,2020-02-20,30780,199,0.006465237166991553
316,2020-02-19,29312,223,0.007607805676855896
317,2020-02-18,32293,249,0.007710649366735825
318,2020-02-17,29279,164,0.005601284196864647
319,2020-02-16,29361,155,0.005279111746875106
320,2020-02-15,21302,159,0.007464087879072387
321,2020-02-14,27036,158,0.0058440597721556445
322,2020-02-13,26504,259,0.009772109870208271
323,2020-02-12,28633,252,0.008801033772220863
324,2020-02-11,25952,279,0.010750616522811344
325,2020-02-10,23012,171,0.00743090561446202
326,2020-02-09,24185,155,0.0064089311556750055
327,2020-02-08,21668,245,0.011306996492523537
328,2020-02-07,26169,326,0.012457487867323933
329,2020-02-06,26641,197,0.007394617319169701
330,2020-02-05,26397,223,0.008447929688979809
331,2020-02-04,26300,246,0.009353612167300381
332,2020-02-03,26873,364,0.013545194060953373
333,2020-02-02,23498,273,0.011618010043407949
334,2020-02-01,24056,301,0.012512470901230463
335,2020-01-31,30219,392,0.012971971276349317
336,2020-01-30,28462,291,0.010224158527159018
337,2020-01-29,29630,384,0.012959838002024975
338,2020-01-28,31594,564,0.01785149078939039
339,2020-01-27,24801,198,0.007983549050441515
340,2020-01-26,22459,176,0.007836502070439467
341,2020-01-25,21970,139,0.006326809285389167
342,2020-01-24,28858,237,0.008212627347702544
343,2020-01-23,29654,228,0.007688676063937411
344,2020-01-22,27977,161,0.005754727097258462
345,2020-01-21,35818,229,0.0063934334692054276
346,2020-01-20,30490,193,0.006329944244014431
347,2020-01-19,23498,99,0.00421312452123585
348,2020-01-18,23637,119,0.0050344798409273596
349,2020-01-17,26348,202,0.007666616061940185
350,2020-01-16,26687,186,0.0069696856147187765
351,2020-01-15,26972,146,0.005413020910573929
352,2020-01-14,24268,127,0.0052332289434646444
353,2020-01-13,24083,112,0.004650583399078188
354,2020-01-12,24847,105,0.004225862277136073
355,2020-01-11,24881,116,0.004662192034082232
356,2020-01-10,26122,156,0.005971977643365745
357,2020-01-09,27228,163,0.005986484501248715
358,2020-01-08,28273,177,0.0062603897711597635
359,2020-01-07,26968,117,0.0043384752299021065
360,2020-01-06,23469,128,0.0054540031530955725
361,2020-01-05,23662,113,0.00477558955286958
362,2020-01-04,24377,116,0.004758583911063707
363,2020-01-03,25647,136,0.005302764455881779
364,2020-01-02,23196,70,0.0030177616830488014
365,2020-01-01,22717,57,0.002509134128626139
366,2019-12-31,22935,67,0.002921299324177022
367,2019-12-30,22793,117,0.005133154915982977
368,2019-12-29,23529,76,0.0032300565259892047
369,2019-12-28,20858,118,0.005657301754722409
370,2019-12-27,23202,73,0.003146280493060943
371,2019-12-26,18471,76,0.004114557955714363
372,2019-12-25,14933,35,0.002343802317016005
373,2019-12-24,15933,34,0.0021339358563986694
374,2019-12-23,22014,85,0.0038611792495684564
375,2019-12-22,23067,72,0.0031213421771361686
376,2019-12-21,20303,74,0.003644781559375462
377,2019-12-20,25088,161,0.006417410714285714
378,2019-12-19,26347,181,0.006869852355106843
379,2019-12-18,29402,196,0.006666213182776682
380,2019-12-17,28385,115,0.004051435617403558
381,2019-12-16,29247,130,0.0044449003316579475
382,2019-12-15,24663,86,0.0034870048250415604
383,2019-12-14,19611,107,0.005456121564428127
384,2019-12-13,24786,128,0.0051642055999354475
385,2019-12-12,28313,166,0.005863031116448275
386,2019-12-11,26395,143,0.005417692744838038
387,2019-12-10,25670,147,0.005726529022204908
388,2019-12-09,24842,129,0.005192818613638193
389,2019-12-08,24822,100,0.004028684231729917
390,2019-12-07,20978,140,0.006673658118028411
391,2019-12-06,26082,212,0.00812821102676175
392,2019-12-05,25784,144,0.005584858827179647
393,2019-12-04,24985,133,0.00532319391634981
394,2019-12-03,27970,146,0.005219878441186986
395,2019-12-02,27256,154,0.005650132081009686
396,2019-12-01,25370,114,0.004493496255419787
397,2019-11-30,19487,95,0.004875044901729358
398,2019-11-29,24973,129,0.005165578825131142
399,2019-11-28,26113,185,0.007084593880442691
400,2019-11-27,25736,162,0.006294684488654025
401,2019-11-26,26439,183,0.006921593101100647
402,2019-11-25,24567,145,0.0059022265640900394
403,2019-11-24,26001,123,0.004730587285104419
404,2019-11-23,21616,112,0.0051813471502590676
405,2019-11-22,23665,109,0.004605958166068033
406,2019-11-21,26353,164,0.006223200394641976
407,2019-11-20,26760,134,0.005007473841554559
408,2019-11-19,27243,192,0.007047681973350953
409,2019-11-18,27097,152,0.005609477063881611
410,2019-11-17,19579,84,0.004290311047550947
411,2019-11-16,20608,128,0.006211180124223602
412,2019-11-15,26403,159,0.006022042949664811
413,2019-11-14,25721,167,0.006492749115508728
414,2019-11-13,25423,128,0.005034810997915274
415,2019-11-12,25741,203,0.00788625150538052
416,2019-11-11,25330,105,0.0041452822739834186
417,2019-11-10,26010,92,0.003537101114955786
418,2019-11-09,21547,85,0.003944864714345384
419,2019-11-08,23292,133,0.005710115060965138
420,2019-11-07,25146,159,0.0063230732522071105
421,2019-11-06,24821,127,0.00511663510736876
422,2019-11-05,24494,173,0.007062954192863558
423,2019-11-04,24244,155,0.006393334433261838
424,2019-11-03,23395,106,0.004530882667236589
425,2019-11-02,21334,99,0.004640479985000469
426,2019-11-01,24840,199,0.008011272141706924
427,2019-10-31,26507,183,0.006903836722375221
428,2019-10-30,28366,150,0.0052880208700557
429,2019-10-29,24362,118,0.004843608899105164
430,2019-10-28,24323,143,0.005879208979155532
431,2019-10-27,23654,129,0.005453623065866238
432,2019-10-26,21515,119,0.005531024866372298
433,2019-10-25,23836,123,0.005160261788890753
434,2019-10-24,26230,147,0.005604269919939001
435,2019-10-23,27103,150,0.005534442681621961
436,2019-10-22,28875,165,0.005714285714285714
437,2019-10-21,24397,159,0.006517194737057835
438,2019-10-20,24215,100,0.0041296716911005575
439,2019-10-19,20117,93,0.0046229557091017545
440,2019-10-18,22365,139,0.006215068186899173
441,2019-10-17,23383,102,0.004362143437540093
442,2019-10-16,21456,133,0.006198732289336316
443,2019-10-15,22675,151,0.006659316427783903
444,2019-10-14,21935,149,0.0067927968999316165
445,2019-10-13,18199,101,0.005549755481070388
446,2019-10-12,20784,113,0.005436874518860662
447,2019-10-11,22437,155,0.006908231938316174
448,2019-10-10,24311,175,0.007198387561186294
449,2019-10-09,24559,176,0.007166415570666558
450,2019-10-08,22289,129,0.005787608237247072
451,2019-10-07,22338,125,0.005595845644193751
452,2019-10-06,26372,116,0.004398604580615805
453,2019-10-05,20425,126,0.006168910648714811
454,2019-10-04,23887,208,0.0087076652572529
455,2019-10-03,26451,146,0.00551964008922158
456,2019-10-02,22706,121,0.005328987932705012
457,2019-10-01,25876,180,0.0069562528984387076
458,2019-09-30,23636,139,0.005880859705533931
459,2019-09-29,25551,92,0.0036006418535478066
460,2019-09-28,20807,89,0.004277406641995482
461,2019-09-27,24720,117,0.004733009708737864
462,2019-09-26,28130,128,0.004550302168503377
463,2019-09-25,27138,167,0.006153732773233105
464,2019-09-24,26286,182,0.006923837784371909
465,2019-09-23,25169,146,0.005800786682029481
466,2019-09-22,24798,88,0.003548673280103234
467,2019-09-21,20929,125,0.005972573940465383
468,2019-09-20,25161,196,0.007789833472437503
469,2019-09-19,27496,194,0.00705557171952284
470,2019-09-18,25460,234,0.009190887666928516
471,2019-09-17,26461,199,0.007520501870677601
472,2019-09-16,23789,129,0.005422674345285637
473,2019-09-15,25022,119,0.0047558148829030455
474,2019-09-14,21602,103,0.004768077029904639
475,2019-09-13,23265,148,0.006361487212551043
476,2019-09-12,23773,155,0.006520001682581079
477,2019-09-11,24025,135,0.005619146722164412
478,2019-09-10,22646,118,0.005210633224410492
479,2019-09-09,22763,135,0.005930676975794052
480,2019-09-08,22041,91,0.00412866929812622
481,2019-09-07,20276,109,0.0053758137699743535
482,2019-09-06,23956,139,0.005802304224411421
483,2019-09-05,26819,153,0.005704910697639733
484,2019-09-04,23724,114,0.0048052604957005566
485,2019-09-03,27846,144,0.005171299288946348
486,2019-09-02,26257,136,0.005179571161975854
487,2019-09-01,25663,123,0.004792892491135097
488,2019-08-31,24625,98,0.003979695431472081
489,2019-08-30,26518,171,0.00644845010935968
490,2019-08-29,27617,216,0.007821269507911793
491,2019-08-28,25145,156,0.006204016703121893
492,2019-08-27,26091,145,0.00555747192518493
493,2019-08-26,24276,127,0.0052315043664524635
494,2019-08-25,24421,126,0.005159493878219565
495,2019-08-24,19968,101,0.005058092948717949
496,2019-08-23,24014,154,0.006412925793287249
497,2019-08-22,25071,172,0.0068605161341789315
498,2019-08-21,30211,106,0.0035086557876270233
499,2019-08-20,24671,158,0.006404280329131369
500,2019-08-19,25280,117,0.004628164556962026
501,2019-08-18,21655,118,0.005449087970445625
502,2019-08-17,21045,108,0.005131860299358517
503,2019-08-16,25745,150,0.0058263740532142165
504,2019-08-15,26292,148,0.005629088696181348
505,2019-08-14,25507,121,0.004743795820755087
506,2019-08-13,27105,174,0.006419479800774765
507,2019-08-12,24243,142,0.005857360887678918
508,2019-08-11,24374,121,0.004964306227947813
509,2019-08-10,21184,75,0.0035404078549848943
510,2019-08-09,25503,115,0.004509273418813473
511,2019-08-08,29103,160,0.005497715012198055
512,2019-08-07,24946,115,0.0046099575082177505
513,2019-08-06,25934,113,0.0043572144674944085
514,2019-08-05,22533,112,0.004970487729108419
515,2019-08-04,22961,124,0.005400461652367058
516,2019-08-03,19782,78,0.003942978465271459
517,2019-08-02,22905,123,0.005370006548788474
518,2019-08-01,24327,96,0.003946232581082748
519,2019-07-31,25654,124,0.004833554221563889
520,2019-07-30,25199,88,0.003492202071510774
521,2019-07-29,23215,123,0.00529829851389188
522,2019-07-28,24100,83,0.0034439834024896266
523,2019-07-27,19923,97,0.004868744666967826
524,2019-07-26,23069,125,0.005418527027612813
525,2019-07-25,22713,91,0.004006516092105843
526,2019-07-24,19574,106,0.005415346888729948
527,2019-07-23,20570,169,0.008215848322800194
528,2019-07-22,21607,150,0.006942194659138242
529,2019-07-21,21728,71,0.0032676730486008838
530,2019-07-20,17559,70,0.003986559599066006
531,2019-07-19,21996,72,0.0032733224222585926
532,2019-07-18,21174,106,0.00500613960517616
533,2019-07-17,19614,84,0.004282655246252677
534,2019-07-16,19410,80,0.004121586810922205
535,2019-07-15,20913,72,0.0034428346004877347
536,2019-07-14,18617,61,0.0032765751732287693
537,2019-07-13,16023,72,0.004493540535480247
538,2019-07-12,15614,83,0.005315742282566927
539,2019-07-11,19720,96,0.00486815415821501
540,2019-07-10,23239,179,0.007702568957356168
541,2019-07-09,22222,138,0.006210062100621006
542,2019-07-08,20245,110,0.005433440355643368
543,2019-07-07,19878,106,0.005332528423382634
544,2019-07-06,20181,105,0.005202913631633715
545,2019-07-05,23332,120,0.005143151037202126
546,2019-07-04,24303,152,0.00625437188824425
547,2019-07-03,23627,110,0.004655690523553561
548,2019-07-02,25171,120,0.004767391045250487
549,2019-07-01,22034,156,0.007079967323227739
550,2019-06-30,18151,106,0.005839898628174757
551,2019-06-29,19014,119,0.006258546334280004
552,2019-06-28,23162,174,0.007512304636905276
553,2019-06-27,30802,113,0.003668592948509837
554,2019-06-26,28975,124,0.004279551337359793
555,2019-06-25,24283,144,0.0059300745377424535
556,2019-06-24,20431,101,0.004943468259018159
557,2019-06-23,19419,98,0.005046603841598434
558,2019-06-22,18171,93,0.005118045236915965
559,2019-06-21,22942,100,0.004358817888588615
560,2019-06-20,25165,140,0.005563282336578581
561,2019-06-19,25706,175,0.006807749163619388
562,2019-06-18,24067,171,0.0071051647484106865
563,2019-06-17,25220,219,0.008683584456780333
564,2019-06-16,20587,225,0.01092922718220236
565,2019-06-15,22603,197,0.008715657213644206
566,2019-06-14,27265,296,0.010856409315972858
567,2019-06-13,27781,353,0.012706526042979014
568,2019-06-12,25796,244,0.009458830826484726
569,2019-06-11,24470,215,0.008786268900694729
570,2019-06-10,23697,211,0.008904080685318817
571,2019-06-09,20280,134,0.00660749506903353
572,2019-06-08,20555,80,0.0038919970810021892
573,2019-06-07,25760,210,0.008152173913043478
574,2019-06-06,29966,165,0.005506240405793232
575,2019-06-05,40408,244,0.006038408235992873
576,2019-06-04,33923,165,0.004863956607611355
577,2019-06-03,29739,186,0.006254413396549985
578,2019-06-02,26714,138,0.005165830650595194
579,2019-06-01,25797,161,0.006241035779354189
580,2019-05-31,25124,136,0.0054131507721700365
581,2019-05-30,23733,121,0.005098386213289513
582,2019-05-29,27255,142,0.005210053201247477
583,2019-05-28,28635,171,0.005971712938711367
584,2019-05-27,27936,263,0.009414375715922107
585,2019-05-26,32259,426,0.013205617037105924
586,2019-05-25,26586,182,0.006845708267509215
587,2019-05-24,26688,146,0.005470623501199041
588,2019-05-23,28421,199,0.007001864818268182
589,2019-05-22,28655,216,0.0075379514918862325
590,2019-05-21,26932,172,0.006386454774988861
591,2019-05-20,27210,136,0.004998162440279309
592,2019-05-19,27581,145,0.005257242304484972
593,2019-05-18,30532,196,0.006419494301061182
594,2019-05-17,27120,147,0.005420353982300885
595,2019-05-16,30365,183,0.006026675448707394
596,2019-05-15,28601,184,0.00643334149155624
597,2019-05-14,30680,195,0.006355932203389831
598,2019-05-13,27186,179,0.0065842713161185906
599,2019-05-12,26920,126,0.004680534918276374
600,2019-05-11,22563,110,0.004875238221867659
601,2019-05-10,27613,171,0.006192735305834208
602,2019-05-09,30919,178,0.005756977910022963
603,2019-05-08,33946,235,0.006922759677134272
604,2019-05-07,38979,312,0.008004310013083969
605,2019-05-06,27187,224,0.008239231985875603
606,2019-05-05,26739,137,0.005123602228953962
607,2019-05-04,23379,115,0.004918944351768682
608,2019-05-03,26760,176,0.006576980568011958
609,2019-05-02,26829,159,0.005926422900592642
610,2019-05-01,26577,172,0.006471761297362381
611,2019-04-30,27071,150,0.0055409848177016
612,2019-04-29,26000,207,0.007961538461538461
613,2019-04-28,27243,147,0.005395881510846823
614,2019-04-27,26593,140,0.0052645433008686494
615,2019-04-26,25783,173,0.006709847573982857
616,2019-04-25,27295,214,0.00784026378457593
617,2019-04-24,27281,257,0.009420475789010667
618,2019-04-23,23140,248,0.010717372515125324
619,2019-04-22,24072,89,0.00369724160850781
620,2019-04-21,22593,90,0.0039835347231443365
621,2019-04-20,18404,78,0.004238209084981526
622,2019-04-19,19737,67,0.00339463950955059
623,2019-04-18,22535,130,0.005768804082538274
624,2019-04-17,25678,154,0.005997351818677467
625,2019-04-16,27517,98,0.0035614347494276268
626,2019-04-15,28002,98,0.0034997500178558676
627,2019-04-14,27439,124,0.004519115128102336
628,2019-04-13,19918,89,0.00446832011246109
629,2019-04-12,25654,160,0.00623684415685663
630,2019-04-11,23336,167,0.007156324991429551
631,2019-04-10,25427,153,0.006017225783615842
632,2019-04-09,28412,173,0.006088976488807546
633,2019-04-08,26202,182,0.006946034653843218
634,2019-04-07,22419,89,0.003969847004772737
635,2019-04-06,19397,127,0.006547404237768727
636,2019-04-05,25476,184,0.00722248390642173
637,2019-04-04,27476,254,0.009244431503857913
638,2019-04-03,26642,164,0.006155694016965693
639,2019-04-02,25559,162,0.0063382761453890995
640,2019-04-01,24788,152,0.006131999354526384
641,2019-03-31,24412,94,0.0038505652957561854
642,2019-03-30,20982,129,0.006148126965970832
643,2019-03-29,25723,175,0.006803250009718928
644,2019-03-28,27343,189,0.0069121895914859375
645,2019-03-27,25150,195,0.007753479125248509
646,2019-03-26,29262,144,0.004921058027475908
647,2019-03-25,22823,181,0.007930596328265347
648,2019-03-24,19003,139,0.007314634531389781
649,2019-03-23,20081,118,0.0058762013843932075
650,2019-03-22,25561,201,0.00786354211494073
651,2019-03-21,26153,194,0.0074178870492868886
652,2019-03-20,24774,170,0.0068620327762977315
653,2019-03-19,26157,352,0.013457200749321406
654,2019-03-18,24300,383,0.015761316872427985
655,2019-03-17,25910,200,0.007719027402547279
656,2019-03-16,20329,142,0.006985095184219588
657,2019-03-15,27172,236,0.008685411452966288
658,2019-03-14,27124,187,0.006894263382981861
659,2019-03-13,28478,219,0.007690146779970503
660,2019-03-12,26833,183,0.006819960496403682
661,2019-03-11,24631,144,0.005846291258982583
662,2019-03-10,24101,110,0.004564125969876769
663,2019-03-09,21755,152,0.0069868995633187774
664,2019-03-08,27133,239,0.008808462020417941
665,2019-03-07,25403,193,0.0075975278510412156
666,2019-03-06,26703,177,0.006628468711380744
667,2019-03-05,26908,273,0.010145681581685745
668,2019-03-04,23368,146,0.0062478603218076
669,2019-03-03,22796,152,0.006667836462537287
670,2019-03-02,21983,148,0.006732475094391121
671,2019-03-01,24507,248,0.010119557677398295
672,2019-02-28,25661,210,0.008183624956159152
673,2019-02-27,23901,238,0.009957742353876408
674,2019-02-26,23701,262,0.01105438589089068
675,2019-02-25,25521,232,0.009090552878022021
676,2019-02-24,25848,128,0.004952027236149799
677,2019-02-23,23888,126,0.005274614869390489
678,2019-02-22,25334,190,0.007499802636772717
679,2019-02-21,27634,159,0.005753781573424043
680,2019-02-20,26379,201,0.007619697486637098
681,2019-02-19,26000,201,0.007730769230769231
682,2019-02-18,26981,162,0.00600422519550795
683,2019-02-17,22322,151,0.006764626825553266
684,2019-02-16,17794,144,0.008092615488366865
685,2019-02-15,22506,224,0.009952901448502622
686,2019-02-14,22400,216,0.009642857142857142
687,2019-02-13,24040,321,0.013352745424292845
688,2019-02-12,23532,379,0.016105728369879314
689,2019-02-11,22338,539,0.024129286417763452
690,2019-02-10,22513,514,0.022831253053791144
691,2019-02-09,18813,154,0.008185828948067825
692,2019-02-08,22315,184,0.00824557472552095
693,2019-02-07,22697,177,0.007798387452086179
694,2019-02-06,22587,192,0.008500464869172534
695,2019-02-05,22075,271,0.012276330690826728
696,2019-02-04,21597,123,0.005695235449367968
697,2019-02-03,18983,121,0.006374124216404151
698,2019-02-02,19477,119,0.006109770498536736
699,2019-02-01,24421,174,0.007125015355636542
700,2019-01-31,27975,207,0.00739946380697051
701,2019-01-30,25859,166,0.006419428438841409
702,2019-01-29,26023,225,0.008646197594435691
703,2019-01-28,26223,198,0.007550623498455554
704,2019-01-27,24739,93,0.0037592465338130076
705,2019-01-26,18790,107,0.0056945183608302285
706,2019-01-25,25681,215,0.00837194813286087
707,2019-01-24,23988,182,0.007587126896781724
708,2019-01-23,23796,206,0.008656917128929232
709,2019-01-22,25677,150,0.0058418039490594695
710,2019-01-21,24049,170,0.007068900993804316
711,2019-01-20,19733,102,0.0051690062332133985
712,2019-01-19,19705,101,0.0051256026389241306
713,2019-01-18,23081,141,0.006108920757332871
714,2019-01-17,23740,152,0.006402695871946083
715,2019-01-16,25090,176,0.007014746911119968
716,2019-01-15,24827,197,0.007934909574253836
717,2019-01-14,22795,171,0.007501645097609125
718,2019-01-13,19520,116,0.005942622950819672
719,2019-01-12,19261,115,0.005970614194486267
720,2019-01-11,23675,189,0.0079831045406547
721,2019-01-10,23639,127,0.005372477685181268
722,2019-01-09,22855,133,0.005819295558958652
723,2019-01-08,23283,176,0.007559163338057811
724,2019-01-07,23549,100,0.004246464818038982
725,2019-01-06,21193,112,0.005284763837116029
726,2019-01-05,22375,90,0.004022346368715084
727,2019-01-04,24061,128,0.00531981214413366
728,2019-01-03,23068,117,0.005071961158314548
729,2019-01-02,22031,125,0.005673823249058145
730,2019-01-01,18446,56,0.003035888539520763
731,2021-04-30,35385,1321,0.03733220291083793
732,2021-04-29,41143,2151,0.052281068468512264
733,2021-04-28,40467,1773,0.043813477648454294
734,2021-04-27,38362,1700,0.044314686408425
735,2021-04-26,39119,1771,0.04527211840793476
736,2021-04-25,36244,1601,0.044172828606114115
737,2021-04-24,31136,1546,0.049653134635149025
738,2021-04-23,40111,2004,0.04996135723367655
739,2021-04-22,42572,1726,0.040543079958658274
740,2021-04-21,43221,2247,0.05198861664468661
741,2021-04-20,42612,1868,0.04383741669013423
742,2021-04-19,44440,2077,0.04673717371737174
743,2021-04-18,38300,2012,0.052532637075718015
744,2021-04-17,28580,1491,0.05216934919524143
745,2021-04-16,41296,3218,0.07792522278186749
746,2021-04-15,42517,3860,0.09078721452595433
747,2021-04-14,46251,6898,0.1491427212384597
748,2021-04-13,41570,4075,0.09802742362280491
749,2021-04-12,40312,1780,0.04415558642587815
750,2021-04-11,42105,1345,0.03194394964968531
751,2021-04-10,33639,1548,0.04601801480424507
752,2021-04-09,43124,2406,0.05579259808923105
753,2021-04-08,41936,2359,0.05625238458603586
754,2021-04-07,38301,2374,0.061982715855982876
755,2021-04-06,36807,2445,0.06642758171000082
756,2021-04-05,36607,1799,0.04914360641407381
757,2021-04-04,33678,1414,0.041985866144070315
758,2021-04-03,29114,1318,0.04527031668613039
759,2021-04-02,27627,1807,0.06540702935534079
760,2021-04-01,29432,1857,0.06309459092144605
761,2021-03-31,37658,2152,0.057145891975144726
762,2021-03-30,39791,2101,0.05280088462215074
763,2021-03-29,33892,1681,0.049598725362917505
764,2021-03-28,33133,1385,0.04180122536444029
765,2021-03-27,33500,1623,0.048447761194029854
766,2021-03-26,42708,2471,0.057858012550341856
767,2021-03-25,44749,3621,0.08091800934099086
768,2021-03-24,40202,2993,0.07444903238644844
769,2021-03-23,47794,5759,0.12049629660626857
770,2021-03-22,42170,3101,0.07353568887834953
771,2021-03-21,41814,1778,0.0425216434686947
772,2021-03-20,36985,1926,0.05207516560767879
773,2021-03-19,43362,2866,0.06609473732761403
774,2021-03-18,46635,3461,0.07421464565240699
775,2021-03-17,42741,2955,0.06913736225170211
776,2021-03-16,42116,2804,0.06657802260423593
777,2021-03-15,46484,2765,0.05948283280268479
778,2021-03-14,46698,2412,0.05165103430553771
779,2021-03-13,37721,3025,0.08019405636117813
780,2021-03-12,48510,3952,0.08146773861059575
781,2021-03-11,49770,6225,0.12507534659433395
782,2021-03-10,45098,3715,0.08237615858796399
783,2021-03-09,44167,3255,0.07369755699956981
784,2021-03-08,41416,2129,0.051405254008112806
785,2021-03-07,44665,2201,0.04927795813276615
786,2021-03-06,36634,1952,0.053283834689086644
787,2021-03-05,42109,3353,0.07962668313187204
788,2021-03-04,48045,3583,0.07457591840982412
789,2021-03-03,49572,3157,0.06368514483982894
790,2021-03-02,45143,3396,0.07522761003920873
791,2021-03-01,41870,2935,0.07009792213995701
792,2021-02-28,44341,2651,0.05978665343587199
793,2021-02-27,33546,2669,0.07956239193942646
794,2021-02-26,43765,2765,0.06317833885524964
795,2021-02-25,43242,3677,0.0850330697007539
796,2021-02-24,55685,6842,0.12286971356738799
797,2021-02-23,47304,4588,0.09698968374767461
798,2021-02-22,43738,3040,0.06950477845351868
799,2021-02-21,39470,2585,0.06549277932607044
800,2021-02-20,34569,2032,0.058780988747143395
801,2021-02-19,41894,2768,0.06607151382059484
802,2021-02-18,43454,2628,0.060477746582593084
803,2021-02-17,43888,3567,0.08127506379876048
804,2021-02-16,43377,2913,0.06715540493810083
805,2021-02-15,41692,2234,0.05358342127986184
806,2021-02-14,38888,2218,0.05703558938490023
807,2021-02-13,37142,2883,0.07762102202358516
808,2021-02-12,41995,3164,0.07534230265507799
809,2021-02-11,44519,3020,0.06783620476650419
810,2021-02-10,41837,2351,0.05619427779238473
811,2021-02-09,42477,2926,0.06888433740612566
812,2021-02-08,42152,2797,0.06635509584361358
813,2021-02-07,43088,1756,0.04075380616412922
814,2021-02-06,37289,2160,0.0579259298988978
815,2021-02-05,43842,2304,0.052552347064458736
816,2021-02-04,46705,3062,0.06556043250187346
817,2021-02-03,48049,3546,0.0737996628441799
818,2021-02-02,46396,2663,0.05739718941288042
819,2021-02-01,46102,2642,0.05730770899310225
820,2021-01-31,40894,2122,0.05189025284882868
821,2021-01-30,38382,2380,0.06200823302589756
822,2021-01-29,49086,3436,0.06999959255184778
823,2021-01-28,49900,3896,0.07807615230460922
824,2021-01-27,48252,2817,0.058380999751305646
825,2021-01-26,47663,2742,0.05752890082453895
826,2021-01-25,47182,2215,0.04694586918740198
827,2021-01-24,45430,1948,0.04287915474356152
828,2021-01-23,42364,2338,0.055188367481824194
829,2021-01-22,45447,3027,0.06660505643936894
830,2021-01-21,44285,2468,0.05572993112792142
831,2021-01-20,47726,2270,0.04756317311318778
832,2021-01-19,45729,3441,0.07524765466115595
833,2021-01-18,41257,2617,0.0634316600819255
834,2021-01-17,37760,2469,0.06538665254237289
835,2021-01-16,33778,2264,0.06702587482977086
836,2021-01-15,41667,3489,0.08373533011735906
837,2021-01-14,44604,2955,0.06624966370729082
838,2021-01-13,47881,3813,0.0796349282596437
839,2021-01-12,43751,2994,0.06843272153779342
840,2021-01-11,43378,2314,0.053345013601364746
841,2021-01-10,45192,2004,0.0443441317047265
842,2021-01-09,45530,2920,0.0641335383263782
843,2021-01-08,47125,3845,0.08159151193633953
844,2021-01-07,46442,1805,0.038865681925842985
845,2021-01-06,59079,3039,0.05143959782663891
846,2021-01-05,48795,5020,0.10287939338046931
847,2021-01-04,40039,3508,0.08761457578860611
848,2021-01-03,35842,2571,0.07173148819820323
849,2021-01-02,37903,2440,0.06437485159486056
850,2021-01-01,36114,2289,0.06338262169795647
